
INSERT INTO `users` (`id`, `name`, `password`) VALUES
	(1, 'admin', 'admin'),
	(2, 'Bertha', 'RZ'),
	(3, 'Scott', 'XL'),
	(4, 'Patrick', 'BB'),
	(5, 'Odysseus', 'JG'),
	(6, 'Erin', 'OM'),
	(7, 'Palmer', 'IP'),
	(8, 'TaShya', 'FH'),
	(9, 'Noelani', 'TG'),
	(10, 'Eric', 'RE'),
	(11, 'Maggy', 'DN'),
	(12, 'Mohammad', 'YL'),
	(13, 'Olympia', 'PY'),
	(14, 'Denton', 'II'),
	(15, 'Nadine', 'AP'),
	(16, 'Ocean', 'KO');

INSERT INTO `questions` (`id`, `title`, `content`) VALUES
	(1, 'dignissim pharetra. Nam ac nulla.', 'lorem, sit amet ultricies sem magna nec quam. Curabitur vel lectus.'),
	(2, 'Integer eu lacus. Quisque imperdiet, erat nonummy ultricies', 'lacus. Quisque imperdiet, erat nonummy ultricies ornare, elit elit fermentum risus, at fringilla purus mauris'),
	(3, 'pretium aliquet, metus urna convallis erat,', 'orci, in consequat enim diam vel arcu. Curabitur ut odio vel est tempor bibendum. Donec felis orci, adipiscing non, luctus sit amet, faucibus ut, nulla.'),
	(4, 'enim diam vel arcu. Curabitur ut', 'in consequat enim diam vel arcu. Curabitur ut odio vel est tempor bibendum.'),
	(5, 'non leo. Vivamus', 'ligula. Nullam feugiat placerat velit. Quisque varius. Nam porttitor scelerisque neque. Nullam nisl. Maecenas malesuada fringilla est. Mauris eu turpis. Nulla aliquet. Proin velit. Sed'),
	(6, 'hendrerit. Donec porttitor', 'mauris sagittis placerat. Cras dictum ultricies ligula. Nullam enim. Sed nulla ante, iaculis nec, eleifend'),
	(7, 'nisi. Aenean eget metus.', 'luctus sit amet, faucibus ut, nulla. Cras eu'),
	(8, 'ipsum primis in faucibus orci luctus', 'libero. Proin sed turpis nec mauris blandit mattis. Cras eget nisi dictum augue malesuada malesuada. Integer id magna et ipsum cursus vestibulum. Mauris magna. Duis'),
	(9, 'odio vel est tempor bibendum.', 'rhoncus. Nullam velit dui, semper et, lacinia vitae, sodales at, velit. Pellentesque ultricies dignissim lacus.'),
	(10, 'enim, gravida sit amet, dapibus id, blandit', 'nec, euismod in, dolor. Fusce feugiat. Lorem ipsum dolor sit amet, consectetuer adipiscing elit. Aliquam auctor, velit');

INSERT INTO `tickets` (`id`, `user_id`, `title`, `description`, `level`) VALUES
	(1, 11, 'lacus. Aliquam rutrum lorem', 'mauris. Suspendisse aliquet molestie tellus. Aenean egestas hendrerit neque. In ornare sagittis felis. Donec tempor, est ac mattis semper, dui lectus rutrum urna,', 1),
	(2, 3, 'nec tempus mauris erat eget ipsum. Suspendisse', 'Integer vitae nibh. Donec est mauris, rhoncus', 9),
	(3, 10, 'erat. Sed nunc est, mollis non, cursus', 'magna a neque. Nullam ut nisi a odio semper cursus. Integer mollis. Integer tincidunt', 1),
	(4, 6, 'lorem lorem, luctus ut, pellentesque eget,', 'Nullam velit dui, semper et, lacinia vitae, sodales at, velit. Pellentesque ultricies dignissim lacus. Aliquam rutrum', 9),
	(5, 7, 'non, cursus non, egestas a, dui. Cras', 'et nunc. Quisque ornare tortor at risus. Nunc ac sem ut dolor dapibus gravida. Aliquam tincidunt, nunc ac mattis ornare, lectus', 8),
	(6, 3, 'neque. Sed eget lacus. Mauris non dui', 'tempus risus. Donec egestas. Duis ac arcu. Nunc mauris. Morbi non sapien molestie orci', 4),
	(7, 1, 'nec ante. Maecenas', 'et magnis dis parturient montes, nascetur ridiculus mus. Donec dignissim magna a tortor. Nunc commodo auctor velit. Aliquam nisl. Nulla eu neque', 2),
	(8, 2, 'felis ullamcorper viverra. Maecenas iaculis aliquet', 'posuere cubilia Curae; Phasellus ornare. Fusce mollis. Duis', 9),
	(9, 4, 'Pellentesque ultricies dignissim lacus. Aliquam rutrum', 'a mi fringilla mi lacinia mattis. Integer eu lacus.', 4),
	(10, 4, 'rhoncus. Proin nisl sem,', 'tellus, imperdiet non, vestibulum nec, euismod in, dolor. Fusce feugiat. Lorem ipsum dolor sit', 9),
	(11, 11, 'ut mi. Duis risus odio, auctor vitae,', 'consectetuer adipiscing elit. Etiam laoreet, libero et tristique pellentesque, tellus sem mollis dui, in sodales elit erat vitae risus. Duis a mi fringilla', 5),
	(12, 11, 'nonummy. Fusce fermentum fermentum arcu. Vestibulum', 'lorem lorem, luctus ut, pellentesque eget, dictum placerat, augue. Sed molestie. Sed id risus quis diam luctus', 1),
	(13, 8, 'nunc risus varius orci,', 'massa. Mauris vestibulum, neque sed dictum eleifend,', 8),
	(14, 6, 'dignissim magna a tortor. Nunc commodo', 'fermentum convallis ligula. Donec luctus aliquet odio. Etiam ligula tortor, dictum eu, placerat eget, venenatis a, magna. Lorem ipsum dolor sit amet, consectetuer', 9),
	(15, 4, 'eget, volutpat ornare, facilisis', 'blandit congue. In scelerisque scelerisque dui. Suspendisse ac metus vitae velit egestas lacinia.', 7),
	(16, 3, 'magna. Sed eu eros. Nam consequat', 'sem elit, pharetra ut, pharetra sed, hendrerit a, arcu. Sed et libero. Proin mi. Aliquam gravida', 0),
	(17, 4, 'mattis. Integer eu lacus. Quisque imperdiet, erat', 'ut, pellentesque eget, dictum placerat, augue. Sed molestie. Sed id risus quis diam luctus lobortis. Class', 7),
	(18, 7, 'velit in aliquet lobortis, nisi', 'eget lacus. Mauris non dui nec urna suscipit nonummy. Fusce fermentum fermentum arcu. Vestibulum ante', 2),
	(19, 11, 'diam nunc, ullamcorper eu, euismod ac,', 'egestas. Fusce aliquet magna a neque. Nullam ut nisi a odio semper cursus. Integer mollis. Integer tincidunt aliquam arcu. Aliquam', 5),
	(20, 12, 'quis urna. Nunc quis arcu vel quam', 'rutrum lorem ac risus. Morbi metus. Vivamus euismod urna. Nullam lobortis quam a felis ullamcorper viverra. Maecenas iaculis aliquet diam. Sed diam lorem, auctor quis,', 9),
	(21, 15, 'Aliquam fringilla cursus purus.', 'eget nisi dictum augue malesuada malesuada. Integer id magna et', 1),
	(22, 14, 'mi tempor lorem, eget mollis lectus pede', 'vel, convallis in, cursus et, eros. Proin', 1),
	(23, 3, 'ligula. Aliquam erat volutpat.', 'dolor dapibus gravida. Aliquam tincidunt, nunc ac mattis ornare, lectus ante dictum', 4),
	(24, 14, 'gravida sit amet, dapibus id, blandit at, nisi.', 'tempor erat neque non quam. Pellentesque habitant morbi tristique senectus et netus et', 1),
	(25, 6, 'orci. Ut semper pretium', 'sed pede nec ante blandit viverra. Donec tempus, lorem fringilla ornare placerat, orci lacus vestibulum lorem, sit amet ultricies sem magna nec quam.', 2),
	(26, 2, 'eget, volutpat ornare, facilisis', 'vitae sodales nisi magna sed dui. Fusce aliquam, enim', 6),
	(27, 8, 'risus. Nunc ac sem ut dolor dapibus', 'quam dignissim pharetra. Nam ac nulla. In tincidunt congue turpis. In condimentum. Donec at arcu. Vestibulum ante ipsum primis', 0),
	(28, 5, 'dolor. Nulla semper tellus id', 'diam. Proin dolor. Nulla semper tellus id nunc interdum feugiat. Sed nec metus facilisis lorem tristique aliquet. Phasellus fermentum convallis ligula. Donec luctus aliquet', 8),
	(29, 6, 'commodo tincidunt nibh. Phasellus nulla. Integer vulputate,', 'Aliquam ultrices iaculis odio. Nam interdum enim non nisi. Aenean eget metus. In nec orci.', 0),
	(30, 16, 'accumsan sed, facilisis', 'Cum sociis natoque penatibus et magnis dis parturient montes, nascetur ridiculus mus. Aenean eget magna. Suspendisse tristique neque venenatis lacus. Etiam bibendum fermentum', 5),
	(31, 9, 'Quisque varius. Nam porttitor scelerisque neque. Nullam', 'enim, sit amet ornare lectus justo eu arcu. Morbi sit amet massa. Quisque porttitor eros nec tellus. Nunc lectus pede, ultrices a, auctor', 9),
	(32, 12, 'ac libero nec ligula consectetuer', 'Mauris vestibulum, neque sed dictum eleifend, nunc risus varius orci, in consequat enim diam vel arcu.', 4),
	(33, 11, 'Nulla tincidunt, neque vitae', 'Proin mi. Aliquam gravida mauris ut mi. Duis risus odio,', 0),
	(34, 1, 'aliquet, sem ut', 'Sed nec metus facilisis lorem tristique aliquet. Phasellus', 3),
	(35, 5, 'Duis ac arcu. Nunc mauris. Morbi', 'ut quam vel sapien imperdiet ornare. In faucibus. Morbi vehicula. Pellentesque tincidunt tempus risus. Donec egestas. Duis ac', 0),
	(36, 3, 'ultrices posuere cubilia Curae; Phasellus', 'sed consequat auctor, nunc nulla vulputate dui, nec tempus mauris erat eget ipsum. Suspendisse sagittis. Nullam vitae diam. Proin dolor.', 8),
	(37, 4, 'fames ac turpis egestas. Fusce aliquet', 'nonummy ultricies ornare, elit elit fermentum risus, at', 8),
	(38, 8, 'dolor elit, pellentesque', 'lacus vestibulum lorem, sit amet ultricies sem magna nec quam. Curabitur vel lectus. Cum sociis natoque penatibus', 4),
	(39, 2, 'risus. Donec nibh enim, gravida sit amet, dapibus', 'in, dolor. Fusce feugiat. Lorem ipsum dolor sit', 9),
	(40, 2, 'mus. Proin vel', 'turpis. Nulla aliquet. Proin velit. Sed malesuada', 9),
	(41, 16, 'metus sit amet', 'dolor. Donec fringilla. Donec feugiat metus sit amet ante. Vivamus non lorem vitae odio sagittis semper. Nam tempor diam dictum sapien. Aenean massa.', 1),
	(42, 14, 'rutrum, justo. Praesent luctus. Curabitur egestas nunc', 'diam dictum sapien. Aenean massa. Integer vitae nibh. Donec est mauris, rhoncus', 3),
	(43, 8, 'quis, pede. Suspendisse dui. Fusce diam', 'sit amet ultricies sem magna nec quam. Curabitur vel lectus. Cum sociis natoque penatibus et magnis dis parturient montes, nascetur ridiculus mus.', 9),
	(44, 2, 'pellentesque eget, dictum placerat,', 'tristique ac, eleifend vitae, erat. Vivamus nisi. Mauris nulla. Integer', 6),
	(45, 6, 'parturient montes, nascetur ridiculus mus. Proin vel', 'Aenean eget magna. Suspendisse tristique neque venenatis lacus. Etiam bibendum fermentum metus. Aenean sed pede nec ante blandit', 1),
	(46, 9, 'felis, adipiscing fringilla, porttitor vulputate,', 'metus. In nec orci. Donec nibh. Quisque nonummy ipsum non arcu. Vivamus sit amet risus. Donec egestas. Aliquam nec', 5),
	(47, 14, 'urna. Ut tincidunt vehicula risus. Nulla', 'Vestibulum ante ipsum primis in faucibus orci luctus et ultrices posuere cubilia Curae; Phasellus ornare. Fusce mollis. Duis sit amet diam eu dolor egestas', 3),
	(48, 12, 'ut, pharetra sed, hendrerit', 'a nunc. In at pede. Cras vulputate velit', 8),
	(49, 12, 'egestas hendrerit neque. In ornare sagittis felis.', 'sem elit, pharetra ut, pharetra sed, hendrerit a, arcu.', 7),
	(50, 1, 'et tristique pellentesque, tellus sem mollis dui, in', 'Aenean massa. Integer vitae nibh. Donec est mauris, rhoncus id, mollis nec, cursus a, enim. Suspendisse aliquet, sem ut cursus luctus, ipsum', 4),
	(51, 16, 'semper cursus. Integer mollis. Integer tincidunt aliquam arcu.', 'Mauris vel turpis. Aliquam adipiscing lobortis risus. In mi pede, nonummy ut, molestie in, tempus eu, ligula. Aenean euismod mauris eu elit. Nulla', 6),
	(52, 11, 'vehicula risus. Nulla eget metus eu', 'porttitor interdum. Sed auctor odio a purus. Duis elementum, dui quis accumsan convallis, ante lectus convallis est,', 7),
	(53, 1, 'lobortis quis, pede.', 'dignissim lacus. Aliquam rutrum lorem ac risus. Morbi metus. Vivamus euismod urna. Nullam lobortis quam a felis ullamcorper viverra. Maecenas iaculis aliquet', 1),
	(54, 6, 'est tempor bibendum. Donec', 'amet, consectetuer adipiscing elit. Curabitur sed tortor. Integer aliquam adipiscing lacus. Ut nec urna et arcu imperdiet ullamcorper. Duis at lacus. Quisque purus sapien,', 8),
	(55, 3, 'Curabitur vel lectus. Cum sociis natoque penatibus', 'sociis natoque penatibus et magnis dis parturient montes, nascetur ridiculus mus. Donec dignissim magna a tortor. Nunc commodo', 8),
	(56, 13, 'ligula elit, pretium et, rutrum non, hendrerit', 'arcu imperdiet ullamcorper. Duis at lacus. Quisque purus', 6),
	(57, 4, 'Fusce mollis. Duis sit', 'vulputate ullamcorper magna. Sed eu eros. Nam', 3),
	(58, 15, 'ut erat. Sed nunc est,', 'dictum eu, placerat eget, venenatis a, magna. Lorem ipsum dolor sit amet, consectetuer adipiscing elit. Etiam laoreet, libero et tristique pellentesque, tellus', 9),
	(59, 5, 'sed consequat auctor,', 'felis purus ac tellus. Suspendisse sed dolor. Fusce mi lorem, vehicula et, rutrum eu, ultrices sit', 2),
	(60, 5, 'ornare lectus justo eu arcu.', 'pharetra nibh. Aliquam ornare, libero at auctor ullamcorper, nisl arcu iaculis enim, sit amet ornare lectus justo eu arcu. Morbi sit amet massa. Quisque', 7),
	(61, 9, 'Vivamus molestie dapibus ligula. Aliquam erat volutpat. Nulla', 'Vivamus sit amet risus. Donec egestas. Aliquam nec enim. Nunc ut erat. Sed nunc est, mollis non, cursus non, egestas a, dui. Cras', 8),
	(62, 6, 'lorem lorem, luctus ut, pellentesque eget,', 'quis accumsan convallis, ante lectus convallis est, vitae sodales nisi magna sed dui. Fusce aliquam, enim nec tempus scelerisque,', 8),
	(63, 4, 'Lorem ipsum dolor sit amet, consectetuer adipiscing elit.', 'condimentum. Donec at arcu. Vestibulum ante ipsum primis in faucibus orci luctus et ultrices posuere cubilia Curae; Donec tincidunt. Donec vitae erat vel pede blandit', 0),
	(64, 13, 'dolor vitae dolor. Donec', 'cursus. Integer mollis. Integer tincidunt aliquam arcu. Aliquam ultrices iaculis odio. Nam interdum enim non nisi. Aenean eget metus. In nec orci.', 1),
	(65, 10, 'parturient montes, nascetur', 'eu dui. Cum sociis natoque penatibus et magnis dis parturient montes, nascetur ridiculus mus. Aenean eget magna. Suspendisse tristique neque', 9),
	(66, 16, 'dolor vitae dolor. Donec fringilla.', 'vehicula aliquet libero. Integer in magna. Phasellus dolor elit, pellentesque a, facilisis non, bibendum sed, est.', 8),
	(67, 3, 'ornare, lectus ante dictum mi,', 'tincidunt, neque vitae semper egestas, urna justo faucibus lectus, a sollicitudin orci sem eget massa. Suspendisse eleifend. Cras', 0),
	(68, 4, 'Curabitur sed tortor.', 'accumsan laoreet ipsum. Curabitur consequat, lectus sit amet luctus vulputate, nisi sem semper erat, in consectetuer', 6),
	(69, 11, 'vel, faucibus id, libero.', 'parturient montes, nascetur ridiculus mus. Donec dignissim', 0),
	(70, 7, 'ac mi eleifend egestas. Sed', 'non enim. Mauris quis turpis vitae purus gravida sagittis. Duis gravida. Praesent eu nulla at sem molestie sodales. Mauris blandit enim consequat purus. Maecenas', 3),
	(71, 8, 'tellus lorem eu metus.', 'eu enim. Etiam imperdiet dictum magna. Ut tincidunt orci quis', 9),
	(72, 9, 'facilisis non, bibendum sed, est. Nunc laoreet lectus', 'arcu. Sed eu nibh vulputate mauris sagittis', 9),
	(73, 4, 'diam. Pellentesque habitant morbi tristique', 'ut, pellentesque eget, dictum placerat, augue. Sed molestie. Sed id risus quis diam luctus lobortis.', 3),
	(74, 5, 'ac sem ut dolor dapibus gravida.', 'porttitor interdum. Sed auctor odio a purus. Duis elementum, dui quis accumsan convallis, ante', 3),
	(75, 14, 'non quam. Pellentesque habitant morbi tristique', 'hendrerit consectetuer, cursus et, magna. Praesent interdum ligula eu enim. Etiam imperdiet dictum magna. Ut tincidunt orci quis lectus. Nullam suscipit, est ac facilisis facilisis,', 5),
	(76, 13, 'Etiam gravida molestie arcu. Sed', 'amet, consectetuer adipiscing elit. Etiam laoreet, libero et tristique pellentesque, tellus sem mollis dui, in', 1),
	(77, 6, 'natoque penatibus et magnis dis parturient montes,', 'lacus, varius et, euismod et, commodo at, libero. Morbi accumsan laoreet ipsum. Curabitur', 3),
	(78, 3, 'Proin vel nisl. Quisque', 'ultricies adipiscing, enim mi tempor lorem, eget mollis lectus', 9),
	(79, 4, 'sit amet, risus. Donec nibh', 'dapibus quam quis diam. Pellentesque habitant morbi tristique senectus et netus et malesuada fames ac turpis egestas. Fusce aliquet magna a neque.', 5),
	(80, 15, 'massa rutrum magna. Cras convallis convallis', 'fringilla. Donec feugiat metus sit amet ante. Vivamus non lorem vitae', 9),
	(81, 1, 'vulputate, lacus. Cras', 'Integer vulputate, risus a ultricies adipiscing, enim mi tempor lorem, eget mollis lectus pede et risus. Quisque libero lacus, varius et, euismod et, commodo', 1),
	(82, 14, 'ultricies ornare, elit elit fermentum risus, at fringilla', 'Curabitur vel lectus. Cum sociis natoque penatibus et magnis dis parturient montes, nascetur ridiculus mus. Donec dignissim magna a tortor. Nunc commodo auctor velit.', 3),
	(83, 6, 'vestibulum massa rutrum magna. Cras convallis convallis', 'lectus quis massa. Mauris vestibulum, neque sed dictum eleifend, nunc risus varius orci, in consequat', 2),
	(84, 8, 'malesuada id, erat. Etiam vestibulum massa rutrum magna.', 'sapien imperdiet ornare. In faucibus. Morbi vehicula. Pellentesque tincidunt tempus risus. Donec egestas. Duis ac arcu. Nunc mauris. Morbi non sapien', 1),
	(85, 15, 'augue scelerisque mollis. Phasellus libero mauris, aliquam', 'eu turpis. Nulla aliquet. Proin velit. Sed malesuada augue ut lacus. Nulla tincidunt, neque vitae semper egestas, urna justo faucibus', 7),
	(86, 7, 'Nam interdum enim non nisi. Aenean eget', 'ac mi eleifend egestas. Sed pharetra, felis eget varius ultrices, mauris ipsum porta elit, a feugiat tellus lorem eu metus. In lorem. Donec elementum, lorem', 2),
	(87, 13, 'tincidunt aliquam arcu. Aliquam ultrices', 'purus gravida sagittis. Duis gravida. Praesent eu nulla at sem molestie sodales.', 3),
	(88, 3, 'Vivamus nisi. Mauris nulla. Integer', 'neque. Nullam ut nisi a odio semper cursus. Integer mollis. Integer tincidunt aliquam arcu. Aliquam ultrices iaculis odio. Nam', 7),
	(89, 3, 'vitae odio sagittis semper. Nam tempor diam', 'Aliquam vulputate ullamcorper magna. Sed eu eros. Nam consequat dolor vitae dolor. Donec fringilla. Donec', 3),
	(90, 7, 'magna. Nam ligula elit, pretium et, rutrum non,', 'purus. Nullam scelerisque neque sed sem egestas blandit. Nam nulla magna, malesuada vel, convallis in, cursus et, eros. Proin ultrices. Duis', 5),
	(91, 5, 'mi lorem, vehicula et, rutrum eu,', 'ligula consectetuer rhoncus. Nullam velit dui, semper et, lacinia vitae, sodales at, velit. Pellentesque ultricies dignissim lacus. Aliquam', 1),
	(92, 12, 'dictum eleifend, nunc risus varius orci, in', 'tortor, dictum eu, placerat eget, venenatis a, magna.', 4),
	(93, 7, 'at arcu. Vestibulum ante ipsum primis', 'at sem molestie sodales. Mauris blandit enim consequat purus. Maecenas libero est, congue a,', 4),
	(94, 16, 'quam quis diam. Pellentesque habitant morbi tristique senectus', 'mollis non, cursus non, egestas a, dui. Cras pellentesque. Sed dictum. Proin eget', 7),
	(95, 8, 'penatibus et magnis dis', 'lobortis augue scelerisque mollis. Phasellus libero mauris, aliquam eu, accumsan', 2),
	(96, 12, 'Praesent eu nulla at', 'vitae purus gravida sagittis. Duis gravida. Praesent eu nulla at sem molestie sodales. Mauris blandit', 2),
	(97, 4, 'Suspendisse tristique neque venenatis lacus. Etiam bibendum', 'molestie sodales. Mauris blandit enim consequat purus. Maecenas libero est, congue a, aliquet vel,', 5),
	(98, 13, 'ut quam vel', 'diam dictum sapien. Aenean massa. Integer vitae nibh. Donec est mauris, rhoncus id, mollis nec, cursus', 3),
	(99, 10, 'eu, accumsan sed, facilisis vitae, orci.', 'imperdiet ornare. In faucibus. Morbi vehicula. Pellentesque tincidunt tempus risus. Donec egestas. Duis ac arcu. Nunc mauris. Morbi non sapien molestie orci tincidunt adipiscing.', 3),
	(100, 6, 'vel, vulputate eu,', 'Nam tempor diam dictum sapien. Aenean massa. Integer vitae nibh. Donec est mauris, rhoncus id, mollis nec, cursus a, enim. Suspendisse aliquet, sem ut cursus', 8);

INSERT INTO `todos` (`id`, `user_id`, `title`, `content`, `done`) VALUES
	(1, 16, 'gravida non, sollicitudin a, malesuada id, erat. Etiam', 'sapien molestie orci tincidunt adipiscing. Mauris molestie pharetra nibh. Aliquam ornare, libero at auctor ullamcorper, nisl arcu iaculis enim, sit amet ornare lectus', 0),
	(2, 5, 'vel, convallis in, cursus et, eros. Proin ultrices.', 'mi lorem, vehicula et, rutrum eu, ultrices sit amet, risus. Donec', 1),
	(3, 6, 'at, iaculis quis, pede. Praesent eu', 'ac mattis ornare, lectus ante dictum mi, ac mattis velit justo nec ante. Maecenas mi felis, adipiscing fringilla,', 1),
	(4, 7, 'erat, in consectetuer', 'sagittis felis. Donec tempor, est ac mattis semper, dui lectus rutrum urna, nec luctus felis purus ac tellus. Suspendisse sed dolor. Fusce', 1),
	(5, 8, 'augue id ante dictum cursus.', 'Aliquam gravida mauris ut mi. Duis risus odio, auctor vitae, aliquet nec, imperdiet nec, leo.', 0),
	(6, 5, 'nec enim. Nunc ut erat. Sed nunc est,', 'a odio semper cursus. Integer mollis. Integer tincidunt aliquam arcu. Aliquam ultrices iaculis odio. Nam interdum enim non nisi. Aenean eget metus. In nec orci.', 1),
	(7, 9, 'facilisis. Suspendisse commodo', 'in, dolor. Fusce feugiat. Lorem ipsum dolor sit amet, consectetuer adipiscing elit. Aliquam auctor, velit eget', 1),
	(8, 9, 'Praesent interdum ligula eu enim. Etiam imperdiet dictum', 'in, tempus eu, ligula. Aenean euismod mauris eu elit. Nulla facilisi. Sed', 0),
	(9, 3, 'quam dignissim pharetra.', 'dui, nec tempus mauris erat eget ipsum. Suspendisse sagittis. Nullam vitae diam. Proin dolor.', 1),
	(10, 13, 'ipsum porta elit, a feugiat tellus lorem', 'Nunc lectus pede, ultrices a, auctor non, feugiat nec, diam. Duis mi enim, condimentum eget,', 0),
	(11, 14, 'non, feugiat nec, diam.', 'odio vel est tempor bibendum. Donec felis orci, adipiscing non, luctus sit', 1),
	(12, 5, 'semper. Nam tempor', 'eget nisi dictum augue malesuada malesuada. Integer id magna et ipsum', 1),
	(13, 7, 'malesuada vel, venenatis vel, faucibus', 'erat volutpat. Nulla dignissim. Maecenas ornare egestas ligula. Nullam', 0),
	(14, 8, 'pede. Suspendisse dui.', 'tellus, imperdiet non, vestibulum nec, euismod in, dolor. Fusce feugiat. Lorem ipsum dolor sit amet, consectetuer adipiscing', 0),
	(15, 13, 'est mauris, rhoncus', 'aliquet molestie tellus. Aenean egestas hendrerit neque. In ornare sagittis felis. Donec tempor, est ac mattis semper, dui', 1),
	(16, 8, 'arcu iaculis enim, sit amet ornare', 'facilisis lorem tristique aliquet. Phasellus fermentum convallis ligula. Donec luctus', 0),
	(17, 11, 'augue ut lacus. Nulla tincidunt,', 'Curabitur consequat, lectus sit amet luctus vulputate, nisi sem semper erat, in consectetuer ipsum nunc id enim. Curabitur massa. Vestibulum accumsan neque et', 0),
	(18, 4, 'egestas. Aliquam nec enim. Nunc ut erat.', 'vestibulum. Mauris magna. Duis dignissim tempor arcu. Vestibulum ut eros non enim commodo hendrerit. Donec porttitor', 0),
	(19, 9, 'Cras vehicula aliquet libero. Integer in', 'ut, nulla. Cras eu tellus eu augue porttitor interdum. Sed auctor odio a purus. Duis', 0),
	(20, 5, 'nisi dictum augue malesuada malesuada. Integer id magna', 'Nulla eu neque pellentesque massa lobortis ultrices. Vivamus rhoncus. Donec est. Nunc', 1),
	(21, 4, 'magnis dis parturient', 'tincidunt aliquam arcu. Aliquam ultrices iaculis odio. Nam interdum enim non nisi. Aenean eget metus. In nec orci.', 1),
	(22, 2, 'eu, odio. Phasellus at augue id', 'rutrum eu, ultrices sit amet, risus. Donec nibh enim, gravida sit amet, dapibus id, blandit at, nisi. Cum sociis natoque penatibus et magnis dis', 0),
	(23, 7, 'congue. In scelerisque scelerisque dui.', 'mi lorem, vehicula et, rutrum eu, ultrices sit amet, risus.', 1),
	(24, 10, 'arcu et pede. Nunc sed', 'sagittis felis. Donec tempor, est ac mattis semper, dui lectus rutrum urna, nec luctus felis purus ac tellus. Suspendisse sed dolor. Fusce mi', 1),
	(25, 5, 'Fusce mollis. Duis sit amet diam', 'libero et tristique pellentesque, tellus sem mollis dui, in sodales elit erat vitae risus. Duis a mi fringilla', 0),
	(26, 3, 'auctor velit. Aliquam nisl. Nulla eu neque pellentesque', 'dis parturient montes, nascetur ridiculus mus. Proin vel arcu eu odio tristique pharetra. Quisque ac libero nec ligula consectetuer rhoncus.', 0),
	(27, 14, 'at, velit. Cras lorem lorem, luctus', 'sit amet, dapibus id, blandit at, nisi. Cum sociis natoque penatibus', 0),
	(28, 5, 'tortor nibh sit', 'odio. Phasellus at augue id ante dictum cursus. Nunc mauris', 0),
	(29, 12, 'neque. Nullam ut nisi', 'et, commodo at, libero. Morbi accumsan laoreet ipsum. Curabitur consequat,', 0),
	(30, 10, 'gravida nunc sed pede. Cum sociis', 'lacinia mattis. Integer eu lacus. Quisque imperdiet, erat nonummy ultricies ornare, elit', 1),
	(31, 13, 'dictum magna. Ut tincidunt orci quis lectus. Nullam', 'netus et malesuada fames ac turpis egestas. Fusce aliquet magna a neque. Nullam ut nisi a odio semper cursus. Integer mollis.', 1),
	(32, 3, 'Donec consectetuer mauris id sapien. Cras dolor', 'Duis gravida. Praesent eu nulla at sem molestie sodales. Mauris blandit enim consequat purus. Maecenas libero est, congue a, aliquet vel, vulputate eu,', 1),
	(33, 1, 'adipiscing non, luctus sit amet, faucibus ut,', 'rutrum magna. Cras convallis convallis dolor. Quisque tincidunt pede ac', 0),
	(34, 10, 'et, magna. Praesent interdum ligula eu enim. Etiam', 'convallis erat, eget tincidunt dui augue eu tellus. Phasellus elit pede, malesuada vel,', 1),
	(35, 11, 'netus et malesuada fames ac turpis', 'rutrum magna. Cras convallis convallis dolor. Quisque tincidunt pede ac urna. Ut tincidunt vehicula risus. Nulla eget metus eu erat semper', 0),
	(36, 2, 'Sed eu nibh vulputate mauris sagittis placerat. Cras', 'tempus scelerisque, lorem ipsum sodales purus, in molestie tortor nibh sit amet orci. Ut sagittis lobortis mauris. Suspendisse aliquet molestie tellus. Aenean', 0),
	(37, 15, 'tempor arcu. Vestibulum ut eros non enim commodo', 'blandit mattis. Cras eget nisi dictum augue malesuada malesuada. Integer id magna et ipsum cursus vestibulum. Mauris magna. Duis dignissim tempor', 1),
	(38, 11, 'tincidunt orci quis', 'facilisis vitae, orci. Phasellus dapibus quam quis diam.', 1),
	(39, 1, 'lacinia mattis. Integer eu lacus. Quisque imperdiet, erat', 'erat eget ipsum. Suspendisse sagittis. Nullam vitae diam. Proin dolor. Nulla semper tellus id nunc interdum feugiat. Sed nec metus facilisis lorem tristique aliquet. Phasellus', 0),
	(40, 1, 'aliquet magna a neque.', 'luctus aliquet odio. Etiam ligula tortor, dictum eu, placerat eget, venenatis a,', 0),
	(41, 14, 'ac arcu. Nunc mauris. Morbi non', 'ipsum sodales purus, in molestie tortor nibh sit amet orci. Ut sagittis lobortis mauris. Suspendisse aliquet molestie tellus. Aenean egestas hendrerit neque. In ornare sagittis', 0),
	(42, 2, 'dictum. Proin eget odio. Aliquam vulputate ullamcorper magna.', 'vestibulum, neque sed dictum eleifend, nunc risus varius orci, in consequat enim diam vel arcu. Curabitur ut odio vel est tempor bibendum. Donec', 1),
	(43, 9, 'a nunc. In at', 'ac metus vitae velit egestas lacinia. Sed congue, elit sed consequat auctor, nunc nulla vulputate dui, nec tempus mauris erat eget ipsum. Suspendisse sagittis. Nullam', 0),
	(44, 4, 'enim nisl elementum purus, accumsan interdum', 'dui augue eu tellus. Phasellus elit pede, malesuada vel, venenatis vel, faucibus id, libero. Donec consectetuer mauris id sapien. Cras', 1),
	(45, 15, 'dolor dapibus gravida. Aliquam tincidunt,', 'Cras dolor dolor, tempus non, lacinia at, iaculis quis,', 1),
	(46, 15, 'ac mattis ornare, lectus ante dictum', 'faucibus lectus, a sollicitudin orci sem eget massa. Suspendisse eleifend. Cras sed leo. Cras vehicula aliquet libero. Integer in', 1),
	(47, 15, 'sed sem egestas blandit.', 'aliquet magna a neque. Nullam ut nisi a', 0),
	(48, 2, 'hendrerit id, ante. Nunc mauris sapien, cursus', 'lacus. Cras interdum. Nunc sollicitudin commodo ipsum.', 1),
	(49, 7, 'leo. Cras vehicula aliquet libero. Integer in', 'nec, eleifend non, dapibus rutrum, justo. Praesent luctus. Curabitur', 0),
	(50, 12, 'varius orci, in consequat', 'et malesuada fames ac turpis egestas. Aliquam fringilla cursus purus. Nullam scelerisque neque sed sem egestas blandit. Nam', 1),
	(51, 9, 'placerat velit. Quisque varius. Nam porttitor scelerisque neque.', 'odio. Aliquam vulputate ullamcorper magna. Sed eu eros. Nam consequat dolor', 1),
	(52, 10, 'quis accumsan convallis, ante lectus convallis', 'sem elit, pharetra ut, pharetra sed, hendrerit a, arcu. Sed', 0),
	(53, 12, 'nisl arcu iaculis enim, sit amet ornare lectus', 'tellus sem mollis dui, in sodales elit erat vitae risus. Duis a mi fringilla mi lacinia mattis. Integer eu', 0),
	(54, 6, 'et, lacinia vitae, sodales at,', 'Vivamus non lorem vitae odio sagittis semper.', 0),
	(55, 3, 'a, malesuada id, erat.', 'risus. In mi pede, nonummy ut, molestie in, tempus eu, ligula.', 0),
	(56, 3, 'Curabitur ut odio vel est tempor bibendum. Donec', 'Quisque purus sapien, gravida non, sollicitudin a, malesuada id,', 0),
	(57, 10, 'Quisque porttitor eros', 'tincidunt adipiscing. Mauris molestie pharetra nibh. Aliquam ornare, libero at auctor ullamcorper, nisl arcu iaculis', 0),
	(58, 11, 'diam vel arcu. Curabitur ut odio vel', 'a odio semper cursus. Integer mollis. Integer tincidunt aliquam arcu. Aliquam ultrices iaculis odio.', 0),
	(59, 4, 'condimentum eget, volutpat ornare, facilisis eget, ipsum.', 'massa. Suspendisse eleifend. Cras sed leo. Cras vehicula aliquet libero. Integer in magna. Phasellus dolor elit, pellentesque a,', 0),
	(60, 8, 'ligula. Donec luctus aliquet odio. Etiam ligula tortor,', 'nisi. Aenean eget metus. In nec orci. Donec nibh. Quisque nonummy', 1),
	(61, 16, 'odio. Aliquam vulputate ullamcorper', 'Nullam velit dui, semper et, lacinia vitae, sodales at, velit. Pellentesque ultricies dignissim lacus. Aliquam rutrum lorem ac risus. Morbi metus. Vivamus euismod', 1),
	(62, 11, 'vel, mauris. Integer sem', 'et magnis dis parturient montes, nascetur ridiculus mus. Proin vel arcu eu odio', 0),
	(63, 1, 'natoque penatibus et magnis dis parturient montes,', 'Nunc sollicitudin commodo ipsum. Suspendisse non leo. Vivamus nibh dolor, nonummy ac, feugiat non, lobortis quis, pede. Suspendisse dui. Fusce diam nunc,', 1),
	(64, 10, 'vulputate ullamcorper magna. Sed eu', 'nisl arcu iaculis enim, sit amet ornare lectus justo eu arcu. Morbi', 1),
	(65, 3, 'sem elit, pharetra ut,', 'faucibus orci luctus et ultrices posuere cubilia Curae; Phasellus ornare. Fusce mollis. Duis sit amet diam eu dolor egestas rhoncus. Proin nisl sem,', 0),
	(66, 14, 'fringilla euismod enim. Etiam gravida', 'ante. Nunc mauris sapien, cursus in, hendrerit consectetuer, cursus et, magna. Praesent interdum ligula eu enim. Etiam imperdiet dictum magna. Ut', 1),
	(67, 1, 'at sem molestie sodales. Mauris blandit', 'id magna et ipsum cursus vestibulum. Mauris magna. Duis dignissim tempor arcu. Vestibulum ut eros non enim commodo hendrerit. Donec porttitor tellus non', 1),
	(68, 3, 'dolor vitae dolor.', 'a, facilisis non, bibendum sed, est. Nunc laoreet lectus quis massa. Mauris vestibulum, neque sed dictum eleifend, nunc risus varius orci, in consequat', 0),
	(69, 14, 'Aliquam ultrices iaculis odio. Nam interdum enim non', 'risus, at fringilla purus mauris a nunc. In at pede. Cras vulputate velit eu sem. Pellentesque ut ipsum ac mi', 1),
	(70, 2, 'nisl elementum purus,', 'ornare, elit elit fermentum risus, at fringilla purus mauris a nunc. In at pede. Cras vulputate velit eu sem. Pellentesque ut ipsum', 0),
	(71, 16, 'dolor, nonummy ac, feugiat non,', 'Aliquam erat volutpat. Nulla facilisis. Suspendisse commodo tincidunt', 1),
	(72, 6, 'et tristique pellentesque, tellus sem', 'viverra. Donec tempus, lorem fringilla ornare placerat, orci lacus vestibulum lorem, sit amet ultricies sem magna nec', 0),
	(73, 9, 'amet, consectetuer adipiscing elit. Aliquam auctor,', 'et magnis dis parturient montes, nascetur ridiculus mus. Aenean eget magna.', 1),
	(74, 2, 'fringilla mi lacinia mattis. Integer eu lacus.', 'Fusce aliquet magna a neque. Nullam ut nisi a odio semper cursus. Integer mollis. Integer', 1),
	(75, 14, 'Mauris nulla. Integer urna. Vivamus molestie dapibus ligula.', 'Etiam gravida molestie arcu. Sed eu nibh vulputate mauris sagittis placerat. Cras dictum ultricies ligula. Nullam enim. Sed nulla ante, iaculis nec, eleifend', 1),
	(76, 14, 'orci. Donec nibh. Quisque nonummy ipsum non arcu.', 'ipsum. Phasellus vitae mauris sit amet lorem semper', 0),
	(77, 13, 'Integer in magna. Phasellus dolor elit, pellentesque a,', 'penatibus et magnis dis parturient montes, nascetur ridiculus mus.', 0),
	(78, 2, 'parturient montes, nascetur ridiculus mus. Donec', 'egestas blandit. Nam nulla magna, malesuada vel, convallis in, cursus et, eros. Proin', 0),
	(79, 13, 'Sed pharetra, felis eget varius ultrices,', 'Nam consequat dolor vitae dolor. Donec fringilla. Donec feugiat metus sit amet ante. Vivamus non', 0),
	(80, 1, 'ultrices a, auctor', 'elementum, dui quis accumsan convallis, ante lectus convallis est, vitae sodales nisi magna sed dui. Fusce', 1),
	(81, 14, 'venenatis a, magna. Lorem ipsum dolor', 'eu tellus. Phasellus elit pede, malesuada vel, venenatis vel, faucibus id, libero. Donec consectetuer mauris', 1),
	(82, 13, 'dignissim lacus. Aliquam rutrum lorem ac risus.', 'purus. Nullam scelerisque neque sed sem egestas blandit. Nam nulla magna, malesuada vel, convallis in, cursus et, eros. Proin ultrices.', 0),
	(83, 16, 'quis diam luctus lobortis.', 'fermentum fermentum arcu. Vestibulum ante ipsum primis', 1),
	(84, 5, 'Quisque imperdiet, erat nonummy', 'nunc sit amet metus. Aliquam erat volutpat. Nulla facilisis. Suspendisse commodo tincidunt nibh. Phasellus nulla. Integer vulputate, risus a ultricies', 0),
	(85, 3, 'libero at auctor ullamcorper, nisl', 'eget, volutpat ornare, facilisis eget, ipsum. Donec sollicitudin', 0),
	(86, 1, 'lacinia mattis. Integer eu lacus.', 'Ut nec urna et arcu imperdiet ullamcorper. Duis at lacus. Quisque purus sapien, gravida non, sollicitudin a, malesuada id, erat. Etiam vestibulum massa', 0),
	(87, 10, 'feugiat. Sed nec', 'purus. Maecenas libero est, congue a, aliquet vel, vulputate eu, odio.', 1),
	(88, 13, 'aptent taciti sociosqu ad litora torquent per conubia', 'semper pretium neque. Morbi quis urna. Nunc quis arcu', 1),
	(89, 11, 'fringilla. Donec feugiat metus sit amet', 'massa. Quisque porttitor eros nec tellus. Nunc lectus', 0),
	(90, 5, 'augue ac ipsum.', 'dictum eu, placerat eget, venenatis a, magna. Lorem ipsum dolor', 1),
	(91, 16, 'sociosqu ad litora torquent per conubia', 'lorem ac risus. Morbi metus. Vivamus euismod urna. Nullam lobortis quam a felis ullamcorper viverra.', 0),
	(92, 10, 'Proin vel arcu eu odio tristique pharetra.', 'neque et nunc. Quisque ornare tortor at risus. Nunc ac sem ut dolor dapibus gravida.', 1),
	(93, 3, 'eu tempor erat neque non', 'pellentesque eget, dictum placerat, augue. Sed molestie. Sed id', 1),
	(94, 11, 'orci quis lectus.', 'massa. Quisque porttitor eros nec tellus. Nunc lectus pede, ultrices a, auctor non, feugiat nec, diam.', 1),
	(95, 9, 'amet orci. Ut sagittis lobortis mauris. Suspendisse', 'in, cursus et, eros. Proin ultrices. Duis volutpat nunc sit amet metus. Aliquam erat volutpat. Nulla facilisis. Suspendisse commodo', 0),
	(96, 12, 'scelerisque neque. Nullam nisl. Maecenas', 'sociis natoque penatibus et magnis dis parturient montes,', 0),
	(97, 16, 'nisl sem, consequat nec, mollis vitae,', 'eu nibh vulputate mauris sagittis placerat. Cras dictum ultricies ligula. Nullam enim. Sed nulla ante, iaculis nec, eleifend non, dapibus', 1),
	(98, 1, 'egestas nunc sed libero. Proin', 'massa. Quisque porttitor eros nec tellus. Nunc lectus pede, ultrices a, auctor non, feugiat nec, diam. Duis', 0),
	(99, 1, 'adipiscing elit. Aliquam auctor, velit eget', 'ipsum. Curabitur consequat, lectus sit amet luctus vulputate, nisi sem semper erat,', 0),
	(100, 12, 'malesuada malesuada. Integer id magna et ipsum', 'dis parturient montes, nascetur ridiculus mus. Proin vel arcu eu odio', 0),
	(101, 16, 'massa. Integer vitae nibh. Donec est mauris,', 'Proin eget odio. Aliquam vulputate ullamcorper magna. Sed eu eros. Nam consequat dolor vitae dolor. Donec fringilla. Donec feugiat metus sit amet ante.', 1),
	(102, 5, 'Nunc mauris. Morbi non', 'sem molestie sodales. Mauris blandit enim consequat purus. Maecenas', 1),
	(103, 12, 'cursus. Integer mollis. Integer tincidunt', 'tortor at risus. Nunc ac sem ut dolor dapibus gravida. Aliquam tincidunt, nunc ac mattis', 1),
	(104, 1, 'Donec dignissim magna a tortor.', 'elit, dictum eu, eleifend nec, malesuada ut, sem. Nulla', 0),
	(105, 3, 'magna. Duis dignissim tempor', 'sed sem egestas blandit. Nam nulla magna, malesuada vel, convallis in, cursus et, eros. Proin ultrices. Duis volutpat', 0),
	(106, 10, 'molestie. Sed id risus quis', 'eu, odio. Phasellus at augue id ante dictum cursus. Nunc mauris elit, dictum eu, eleifend nec,', 0),
	(107, 11, 'ligula. Donec luctus aliquet odio.', 'tellus eu augue porttitor interdum. Sed auctor odio a purus. Duis elementum, dui', 1),
	(108, 2, 'at pede. Cras', 'et, euismod et, commodo at, libero. Morbi accumsan laoreet ipsum. Curabitur consequat, lectus sit amet', 1),
	(109, 16, 'magna tellus faucibus leo, in lobortis tellus', 'eros turpis non enim. Mauris quis turpis vitae purus gravida sagittis. Duis gravida. Praesent eu nulla at', 1),
	(110, 7, 'lorem ut aliquam iaculis, lacus pede sagittis', 'lectus pede, ultrices a, auctor non, feugiat nec, diam. Duis mi enim, condimentum eget, volutpat ornare, facilisis eget, ipsum. Donec sollicitudin adipiscing', 1),
	(111, 14, 'tristique senectus et netus et malesuada', 'non, bibendum sed, est. Nunc laoreet lectus quis massa. Mauris vestibulum, neque sed dictum eleifend, nunc risus varius orci, in consequat enim diam', 1),
	(112, 5, 'fermentum vel, mauris. Integer sem elit, pharetra', 'dui nec urna suscipit nonummy. Fusce fermentum fermentum', 0),
	(113, 1, 'eu tellus eu augue porttitor interdum. Sed auctor', 'gravida sagittis. Duis gravida. Praesent eu nulla at sem molestie sodales. Mauris blandit', 0),
	(114, 12, 'porttitor eros nec tellus. Nunc', 'Praesent eu nulla at sem molestie sodales. Mauris blandit enim consequat', 1),
	(115, 5, 'neque venenatis lacus.', 'libero. Donec consectetuer mauris id sapien. Cras dolor dolor, tempus non, lacinia at, iaculis', 1),
	(116, 16, 'et magnis dis parturient montes,', 'sit amet, risus. Donec nibh enim, gravida sit amet, dapibus', 0),
	(117, 8, 'eu arcu. Morbi sit amet', 'auctor ullamcorper, nisl arcu iaculis enim, sit amet ornare lectus justo eu arcu. Morbi sit amet massa. Quisque', 1),
	(118, 16, 'mus. Aenean eget magna. Suspendisse tristique', 'Class aptent taciti sociosqu ad litora torquent per', 1),
	(119, 3, 'amet luctus vulputate,', 'commodo ipsum. Suspendisse non leo. Vivamus nibh dolor, nonummy ac, feugiat non, lobortis quis, pede. Suspendisse dui. Fusce diam nunc, ullamcorper', 1),
	(120, 4, 'lacus vestibulum lorem, sit', 'mauris blandit mattis. Cras eget nisi dictum augue malesuada malesuada. Integer id magna et ipsum cursus vestibulum. Mauris magna. Duis', 1),
	(121, 2, 'ornare egestas ligula.', 'mattis. Cras eget nisi dictum augue malesuada malesuada. Integer id magna et ipsum cursus vestibulum. Mauris magna. Duis dignissim tempor arcu. Vestibulum ut eros', 0),
	(122, 2, 'rhoncus. Nullam velit dui, semper', 'ut odio vel est tempor bibendum. Donec felis orci, adipiscing non, luctus sit amet, faucibus ut, nulla.', 0),
	(123, 2, 'Phasellus at augue id ante dictum', 'molestie pharetra nibh. Aliquam ornare, libero at auctor ullamcorper, nisl arcu iaculis enim, sit amet ornare lectus justo eu arcu. Morbi sit amet massa.', 1),
	(124, 10, 'metus. Vivamus euismod', 'porttitor vulputate, posuere vulputate, lacus. Cras interdum. Nunc sollicitudin commodo ipsum. Suspendisse non leo. Vivamus nibh dolor, nonummy ac,', 0),
	(125, 11, 'ornare, elit elit fermentum risus,', 'mi fringilla mi lacinia mattis. Integer eu lacus. Quisque imperdiet, erat nonummy ultricies ornare, elit elit fermentum risus, at fringilla purus mauris a nunc.', 0),
	(126, 4, 'id, libero. Donec consectetuer mauris', 'dui quis accumsan convallis, ante lectus convallis est, vitae sodales nisi magna sed dui. Fusce aliquam, enim nec tempus scelerisque, lorem', 1),
	(127, 14, 'arcu. Nunc mauris. Morbi non sapien molestie orci', 'Proin nisl sem, consequat nec, mollis vitae, posuere at, velit.', 0),
	(128, 10, 'convallis in, cursus et,', 'cursus, diam at pretium aliquet, metus urna convallis erat, eget tincidunt dui augue eu tellus. Phasellus elit pede, malesuada vel, venenatis vel, faucibus', 0),
	(129, 2, 'vitae purus gravida sagittis. Duis', 'Aliquam erat volutpat. Nulla dignissim. Maecenas ornare egestas ligula. Nullam', 1),
	(130, 11, 'viverra. Maecenas iaculis', 'non enim commodo hendrerit. Donec porttitor tellus non magna. Nam ligula elit, pretium et, rutrum non, hendrerit id, ante. Nunc mauris sapien,', 0),
	(131, 12, 'magna. Sed eu eros. Nam consequat', 'neque. Nullam ut nisi a odio semper cursus. Integer mollis. Integer tincidunt aliquam arcu. Aliquam ultrices iaculis odio.', 1),
	(132, 10, 'tellus. Aenean egestas hendrerit neque. In ornare', 'diam luctus lobortis. Class aptent taciti sociosqu ad litora torquent per conubia nostra, per inceptos hymenaeos. Mauris ut quam vel sapien imperdiet ornare. In faucibus.', 1),
	(133, 3, 'sem ut cursus luctus, ipsum leo elementum', 'Mauris blandit enim consequat purus. Maecenas libero est, congue a, aliquet vel, vulputate', 0),
	(134, 3, 'torquent per conubia nostra, per inceptos hymenaeos.', 'lacinia at, iaculis quis, pede. Praesent eu dui. Cum sociis natoque penatibus et magnis dis parturient montes, nascetur ridiculus', 1),
	(135, 16, 'orci luctus et', 'Nunc ullamcorper, velit in aliquet lobortis, nisi nibh lacinia orci, consectetuer euismod est arcu ac orci. Ut semper pretium', 1),
	(136, 10, 'nibh vulputate mauris sagittis', 'Nunc sed orci lobortis augue scelerisque mollis. Phasellus libero mauris, aliquam eu, accumsan sed, facilisis vitae,', 0),
	(137, 4, 'aliquet, metus urna convallis erat, eget', 'Aliquam vulputate ullamcorper magna. Sed eu eros. Nam consequat dolor vitae dolor. Donec fringilla. Donec feugiat metus sit amet', 0),
	(138, 3, 'a neque. Nullam ut nisi a', 'Mauris eu turpis. Nulla aliquet. Proin velit. Sed malesuada augue ut lacus. Nulla tincidunt, neque vitae', 1),
	(139, 14, 'convallis dolor. Quisque tincidunt', 'commodo auctor velit. Aliquam nisl. Nulla eu neque pellentesque massa lobortis ultrices. Vivamus rhoncus. Donec est. Nunc ullamcorper, velit in aliquet lobortis,', 1),
	(140, 8, 'ipsum. Phasellus vitae mauris sit amet', 'tincidunt, neque vitae semper egestas, urna justo faucibus lectus, a sollicitudin orci sem eget massa. Suspendisse eleifend. Cras sed leo.', 1),
	(141, 10, 'metus vitae velit', 'amet ante. Vivamus non lorem vitae odio sagittis', 0),
	(142, 9, 'a feugiat tellus lorem', 'montes, nascetur ridiculus mus. Proin vel nisl. Quisque', 1),
	(143, 15, 'Sed id risus quis diam luctus', 'mauris. Morbi non sapien molestie orci tincidunt adipiscing. Mauris molestie pharetra nibh.', 0),
	(144, 13, 'lectus pede et risus.', 'Maecenas mi felis, adipiscing fringilla, porttitor vulputate, posuere vulputate, lacus. Cras interdum. Nunc sollicitudin commodo ipsum. Suspendisse non leo. Vivamus nibh dolor, nonummy ac, feugiat', 1),
	(145, 11, 'tempor erat neque', 'fermentum risus, at fringilla purus mauris a nunc.', 1),
	(146, 6, 'fermentum fermentum arcu. Vestibulum', 'quis turpis vitae purus gravida sagittis. Duis gravida. Praesent eu nulla at sem molestie sodales. Mauris blandit enim consequat purus. Maecenas libero est,', 0),
	(147, 4, 'varius et, euismod et,', 'Aliquam rutrum lorem ac risus. Morbi metus. Vivamus euismod urna. Nullam lobortis quam a felis ullamcorper viverra. Maecenas', 0),
	(148, 7, 'elit. Nulla facilisi. Sed neque. Sed eget lacus.', 'euismod urna. Nullam lobortis quam a felis', 0),
	(149, 4, 'ac tellus. Suspendisse sed dolor. Fusce mi', 'posuere vulputate, lacus. Cras interdum. Nunc sollicitudin commodo ipsum. Suspendisse non leo. Vivamus', 0),
	(150, 5, 'Nullam enim. Sed nulla ante, iaculis nec,', 'Suspendisse tristique neque venenatis lacus. Etiam bibendum fermentum metus. Aenean sed pede nec', 1),
	(151, 4, 'dolor quam, elementum at,', 'Curabitur vel lectus. Cum sociis natoque penatibus et magnis dis parturient montes,', 0),
	(152, 5, 'dui nec urna suscipit nonummy.', 'tristique ac, eleifend vitae, erat. Vivamus nisi. Mauris nulla.', 0),
	(153, 1, 'dui nec urna suscipit', 'Maecenas ornare egestas ligula. Nullam feugiat placerat velit. Quisque varius. Nam porttitor scelerisque neque.', 1),
	(154, 14, 'elementum purus, accumsan interdum libero dui nec', 'netus et malesuada fames ac turpis egestas. Aliquam fringilla cursus purus.', 1),
	(155, 6, 'tortor. Nunc commodo auctor velit.', 'mi lacinia mattis. Integer eu lacus. Quisque imperdiet, erat nonummy ultricies ornare, elit', 1),
	(156, 3, 'lorem ut aliquam iaculis,', 'est tempor bibendum. Donec felis orci, adipiscing non, luctus sit amet,', 1),
	(157, 7, 'faucibus leo, in lobortis', 'augue id ante dictum cursus. Nunc mauris elit, dictum eu,', 0),
	(158, 14, 'ipsum non arcu.', 'lobortis tellus justo sit amet nulla. Donec non justo. Proin non massa non ante bibendum ullamcorper.', 1),
	(159, 13, 'Donec nibh enim,', 'egestas. Aliquam nec enim. Nunc ut erat. Sed nunc est, mollis non, cursus non, egestas', 1),
	(160, 7, 'imperdiet non, vestibulum nec, euismod in, dolor. Fusce', 'ac mi eleifend egestas. Sed pharetra, felis eget varius ultrices, mauris ipsum porta elit, a feugiat tellus', 0),
	(161, 13, 'lacus pede sagittis augue, eu tempor erat neque', 'vel, vulputate eu, odio. Phasellus at augue id ante dictum cursus. Nunc mauris elit, dictum eu,', 0),
	(162, 15, 'pede, ultrices a, auctor non, feugiat nec,', 'sodales purus, in molestie tortor nibh sit amet', 1),
	(163, 3, 'eu neque pellentesque massa', 'Proin dolor. Nulla semper tellus id nunc interdum feugiat. Sed', 0),
	(164, 12, 'condimentum. Donec at arcu.', 'Nam porttitor scelerisque neque. Nullam nisl. Maecenas malesuada fringilla est. Mauris eu', 1),
	(165, 1, 'a mi fringilla mi lacinia mattis.', 'Mauris quis turpis vitae purus gravida sagittis. Duis gravida. Praesent', 1),
	(166, 7, 'sagittis. Nullam vitae diam. Proin', 'risus. Morbi metus. Vivamus euismod urna. Nullam lobortis quam a felis', 1),
	(167, 2, 'senectus et netus et malesuada fames ac turpis', 'diam. Sed diam lorem, auctor quis, tristique ac, eleifend', 1),
	(168, 15, 'Nunc quis arcu vel', 'Donec tempor, est ac mattis semper, dui lectus rutrum urna, nec luctus felis purus ac tellus. Suspendisse sed dolor. Fusce mi', 1),
	(169, 3, 'at fringilla purus mauris a nunc. In at', 'fermentum vel, mauris. Integer sem elit, pharetra ut, pharetra sed, hendrerit a, arcu. Sed et libero. Proin mi. Aliquam gravida mauris ut mi. Duis risus', 1),
	(170, 4, 'mollis non, cursus non, egestas a,', 'Donec porttitor tellus non magna. Nam ligula elit, pretium et, rutrum non, hendrerit id, ante. Nunc mauris sapien, cursus in, hendrerit consectetuer, cursus', 1),
	(171, 11, 'condimentum. Donec at arcu.', 'ante blandit viverra. Donec tempus, lorem fringilla', 0),
	(172, 10, 'In mi pede, nonummy ut, molestie in,', 'fermentum arcu. Vestibulum ante ipsum primis in faucibus orci luctus et ultrices', 0),
	(173, 5, 'Duis gravida. Praesent', 'torquent per conubia nostra, per inceptos hymenaeos. Mauris ut quam vel sapien imperdiet ornare. In faucibus. Morbi vehicula. Pellentesque tincidunt tempus risus.', 1),
	(174, 7, 'leo elementum sem, vitae aliquam eros turpis', 'et pede. Nunc sed orci lobortis augue scelerisque mollis. Phasellus libero mauris, aliquam eu, accumsan sed,', 1),
	(175, 6, 'fames ac turpis egestas. Fusce aliquet magna a', 'dis parturient montes, nascetur ridiculus mus. Proin vel arcu eu odio tristique pharetra. Quisque ac libero nec ligula consectetuer rhoncus. Nullam velit dui, semper et,', 1),
	(176, 3, 'Maecenas libero est, congue a, aliquet vel,', 'mi eleifend egestas. Sed pharetra, felis eget varius ultrices, mauris ipsum porta elit, a feugiat tellus lorem eu metus. In lorem. Donec elementum, lorem', 1),
	(177, 1, 'est mauris, rhoncus id, mollis', 'tempus eu, ligula. Aenean euismod mauris eu elit. Nulla facilisi. Sed neque.', 1),
	(178, 9, 'Nunc ullamcorper, velit in aliquet', 'magna a neque. Nullam ut nisi a odio semper cursus. Integer mollis. Integer', 0),
	(179, 7, 'posuere vulputate, lacus. Cras interdum. Nunc sollicitudin', 'vulputate, posuere vulputate, lacus. Cras interdum. Nunc sollicitudin commodo ipsum. Suspendisse non leo. Vivamus nibh dolor, nonummy ac, feugiat non, lobortis quis,', 0),
	(180, 5, 'pharetra nibh. Aliquam ornare, libero at auctor', 'luctus. Curabitur egestas nunc sed libero. Proin sed turpis nec mauris', 0),
	(181, 14, 'ac mi eleifend egestas.', 'Vivamus non lorem vitae odio sagittis semper. Nam tempor diam dictum sapien. Aenean massa. Integer vitae nibh.', 0),
	(182, 4, 'elit, a feugiat tellus', 'eget odio. Aliquam vulputate ullamcorper magna. Sed eu eros. Nam consequat dolor', 1),
	(183, 12, 'non, dapibus rutrum, justo. Praesent luctus. Curabitur egestas', 'sodales at, velit. Pellentesque ultricies dignissim lacus. Aliquam rutrum lorem ac risus. Morbi metus. Vivamus euismod urna. Nullam lobortis quam a felis ullamcorper viverra. Maecenas', 0),
	(184, 6, 'sodales nisi magna sed dui. Fusce aliquam,', 'mauris elit, dictum eu, eleifend nec, malesuada ut,', 1),
	(185, 13, 'iaculis nec, eleifend non, dapibus rutrum, justo. Praesent', 'ac ipsum. Phasellus vitae mauris sit amet lorem semper auctor. Mauris vel turpis. Aliquam adipiscing lobortis risus. In mi pede, nonummy', 1),
	(186, 5, 'litora torquent per conubia nostra, per', 'luctus sit amet, faucibus ut, nulla. Cras eu tellus eu augue porttitor interdum. Sed auctor odio a purus. Duis elementum, dui', 0),
	(187, 7, 'lobortis. Class aptent taciti', 'nisl. Maecenas malesuada fringilla est. Mauris eu turpis. Nulla', 0),
	(188, 1, 'lectus. Cum sociis', 'Donec porttitor tellus non magna. Nam ligula elit, pretium et, rutrum non, hendrerit id, ante. Nunc mauris sapien, cursus in, hendrerit consectetuer, cursus', 1),
	(189, 14, 'non magna. Nam ligula elit, pretium et, rutrum', 'nec, leo. Morbi neque tellus, imperdiet non, vestibulum nec, euismod in, dolor. Fusce feugiat. Lorem ipsum', 1),
	(190, 4, 'et, rutrum non, hendrerit id,', 'aliquet diam. Sed diam lorem, auctor quis, tristique ac, eleifend vitae, erat. Vivamus nisi. Mauris nulla. Integer urna.', 1),
	(191, 9, 'ridiculus mus. Proin vel nisl.', 'turpis vitae purus gravida sagittis. Duis gravida. Praesent eu nulla at sem', 1),
	(192, 2, 'natoque penatibus et magnis dis', 'tincidunt, nunc ac mattis ornare, lectus ante dictum mi, ac mattis velit justo nec ante. Maecenas mi felis,', 1),
	(193, 9, 'ac libero nec ligula consectetuer rhoncus.', 'nisl arcu iaculis enim, sit amet ornare lectus justo eu arcu. Morbi sit amet massa. Quisque porttitor eros nec tellus. Nunc lectus pede, ultrices a,', 0),
	(194, 8, 'luctus lobortis. Class aptent taciti', 'lacus pede sagittis augue, eu tempor erat neque non quam. Pellentesque habitant morbi tristique senectus', 1),
	(195, 14, 'sodales purus, in molestie tortor nibh sit amet', 'amet massa. Quisque porttitor eros nec tellus. Nunc lectus pede, ultrices a, auctor non,', 1),
	(196, 2, 'Quisque libero lacus, varius et, euismod et,', 'taciti sociosqu ad litora torquent per conubia nostra, per inceptos hymenaeos. Mauris ut quam vel sapien imperdiet ornare. In faucibus. Morbi vehicula. Pellentesque tincidunt', 1),
	(197, 9, 'mauris a nunc. In at', 'arcu. Vivamus sit amet risus. Donec egestas. Aliquam nec enim. Nunc ut erat. Sed', 1),
	(198, 13, 'at lacus. Quisque purus sapien, gravida non,', 'amet, consectetuer adipiscing elit. Etiam laoreet, libero et tristique pellentesque, tellus sem mollis dui, in sodales elit erat vitae risus. Duis a mi fringilla', 1),
	(199, 2, 'enim. Etiam imperdiet dictum magna. Ut', 'Mauris ut quam vel sapien imperdiet ornare. In faucibus. Morbi vehicula. Pellentesque tincidunt tempus', 0),
	(200, 9, 'fermentum arcu. Vestibulum ante', 'Proin nisl sem, consequat nec, mollis vitae, posuere at, velit. Cras lorem lorem, luctus ut, pellentesque eget, dictum placerat, augue. Sed', 1),
	(201, 4, 'ligula. Nullam feugiat placerat', 'Donec nibh enim, gravida sit amet, dapibus id,', 0),
	(202, 16, 'diam. Sed diam lorem, auctor quis, tristique', 'enim mi tempor lorem, eget mollis lectus pede et risus. Quisque libero lacus, varius et, euismod et, commodo at, libero. Morbi accumsan laoreet ipsum.', 0),
	(203, 12, 'lectus, a sollicitudin orci sem eget', 'montes, nascetur ridiculus mus. Donec dignissim magna a tortor.', 1),
	(204, 4, 'lorem, sit amet ultricies sem magna', 'ut dolor dapibus gravida. Aliquam tincidunt, nunc ac mattis ornare, lectus ante dictum mi, ac mattis velit justo nec ante. Maecenas mi', 1),
	(205, 16, 'Mauris nulla. Integer urna. Vivamus molestie dapibus ligula.', 'nisi dictum augue malesuada malesuada. Integer id magna et ipsum cursus', 1),
	(206, 4, 'tempus eu, ligula. Aenean euismod', 'nunc. Quisque ornare tortor at risus. Nunc', 0),
	(207, 8, 'vel lectus. Cum sociis natoque', 'Nunc mauris elit, dictum eu, eleifend nec, malesuada ut, sem. Nulla interdum. Curabitur dictum. Phasellus in felis. Nulla tempor augue ac ipsum. Phasellus vitae', 0),
	(208, 12, 'velit eget laoreet posuere, enim', 'scelerisque, lorem ipsum sodales purus, in molestie tortor nibh sit amet orci.', 1),
	(209, 3, 'Praesent luctus. Curabitur egestas nunc', 'orci. Ut sagittis lobortis mauris. Suspendisse aliquet molestie tellus. Aenean egestas hendrerit neque. In ornare sagittis felis. Donec', 1),
	(210, 13, 'dictum sapien. Aenean massa. Integer vitae nibh.', 'Donec non justo. Proin non massa non ante bibendum ullamcorper. Duis cursus, diam', 1),
	(211, 6, 'egestas. Fusce aliquet magna a neque.', 'in lobortis tellus justo sit amet nulla. Donec non justo. Proin non massa non ante bibendum ullamcorper. Duis', 0),
	(212, 6, 'quam vel sapien', 'purus ac tellus. Suspendisse sed dolor. Fusce mi lorem,', 1),
	(213, 9, 'eu neque pellentesque massa lobortis ultrices.', 'mi enim, condimentum eget, volutpat ornare, facilisis eget, ipsum. Donec sollicitudin adipiscing ligula. Aenean gravida nunc sed pede. Cum sociis natoque penatibus et', 1),
	(214, 1, 'sodales at, velit. Pellentesque', 'eu augue porttitor interdum. Sed auctor odio', 1),
	(215, 10, 'Integer id magna et', 'metus. Aenean sed pede nec ante blandit', 1),
	(216, 6, 'dapibus quam quis diam. Pellentesque', 'lorem, auctor quis, tristique ac, eleifend vitae, erat. Vivamus nisi. Mauris nulla. Integer urna.', 1),
	(217, 11, 'nec ante blandit', 'quis, pede. Praesent eu dui. Cum sociis natoque penatibus et magnis dis parturient montes, nascetur ridiculus', 1),
	(218, 9, 'gravida sagittis. Duis gravida. Praesent eu nulla', 'tempor bibendum. Donec felis orci, adipiscing non, luctus sit', 0),
	(219, 13, 'tellus. Phasellus elit pede, malesuada vel,', 'diam. Proin dolor. Nulla semper tellus id nunc interdum feugiat.', 1),
	(220, 9, 'volutpat nunc sit', 'hendrerit. Donec porttitor tellus non magna. Nam ligula elit, pretium et, rutrum non,', 0),
	(221, 7, 'et netus et malesuada fames ac turpis egestas.', 'ullamcorper. Duis cursus, diam at pretium aliquet, metus urna convallis erat, eget tincidunt dui augue eu tellus. Phasellus elit pede,', 0),
	(222, 16, 'quam quis diam. Pellentesque habitant morbi tristique senectus', 'In ornare sagittis felis. Donec tempor, est ac mattis semper, dui lectus rutrum', 0),
	(223, 16, 'purus gravida sagittis. Duis gravida.', 'ac mattis semper, dui lectus rutrum urna, nec luctus felis purus ac tellus. Suspendisse sed dolor. Fusce mi lorem,', 0),
	(224, 4, 'eget odio. Aliquam vulputate', 'et, magna. Praesent interdum ligula eu enim. Etiam imperdiet dictum magna. Ut tincidunt', 0),
	(225, 6, 'amet ante. Vivamus non lorem', 'tempor augue ac ipsum. Phasellus vitae mauris sit amet lorem semper auctor. Mauris vel turpis. Aliquam adipiscing lobortis risus. In mi pede,', 0),
	(226, 5, 'Pellentesque habitant morbi', 'Curae; Donec tincidunt. Donec vitae erat vel', 0),
	(227, 4, 'Sed nulla ante,', 'vitae erat vel pede blandit congue. In scelerisque scelerisque dui. Suspendisse ac metus vitae velit egestas lacinia. Sed', 0),
	(228, 2, 'ullamcorper magna. Sed eu', 'ante, iaculis nec, eleifend non, dapibus rutrum, justo. Praesent luctus. Curabitur egestas nunc sed libero. Proin sed turpis', 0),
	(229, 4, 'aliquam, enim nec tempus scelerisque, lorem ipsum sodales', 'vitae semper egestas, urna justo faucibus lectus, a sollicitudin orci sem eget massa. Suspendisse eleifend. Cras sed leo. Cras vehicula aliquet', 0),
	(230, 13, 'tellus sem mollis dui,', 'a nunc. In at pede. Cras vulputate velit eu sem. Pellentesque ut ipsum', 0),
	(231, 8, 'sagittis semper. Nam', 'et magnis dis parturient montes, nascetur ridiculus mus. Aenean eget magna. Suspendisse tristique', 0),
	(232, 5, 'Donec vitae erat', 'ipsum nunc id enim. Curabitur massa. Vestibulum accumsan neque et nunc.', 1),
	(233, 5, 'nunc. In at pede. Cras vulputate', 'dis parturient montes, nascetur ridiculus mus. Proin vel nisl. Quisque fringilla euismod enim. Etiam gravida molestie', 0),
	(234, 15, 'Etiam bibendum fermentum metus. Aenean sed pede nec', 'dictum magna. Ut tincidunt orci quis lectus. Nullam suscipit, est ac facilisis facilisis, magna tellus', 0),
	(235, 15, 'mi fringilla mi lacinia mattis. Integer eu lacus.', 'imperdiet, erat nonummy ultricies ornare, elit elit fermentum risus, at', 1),
	(236, 11, 'Fusce aliquam, enim nec tempus', 'Proin eget odio. Aliquam vulputate ullamcorper magna. Sed eu eros. Nam consequat dolor', 0),
	(237, 3, 'parturient montes, nascetur ridiculus', 'mollis vitae, posuere at, velit. Cras lorem lorem, luctus ut, pellentesque eget, dictum placerat,', 0),
	(238, 4, 'a felis ullamcorper viverra. Maecenas iaculis', 'quam. Curabitur vel lectus. Cum sociis natoque penatibus et', 0),
	(239, 2, 'a nunc. In at', 'non dui nec urna suscipit nonummy. Fusce fermentum fermentum arcu. Vestibulum ante ipsum primis in faucibus orci', 1),
	(240, 13, 'a, scelerisque sed, sapien.', 'per conubia nostra, per inceptos hymenaeos. Mauris ut quam vel sapien imperdiet ornare. In faucibus. Morbi vehicula. Pellentesque tincidunt tempus risus.', 1),
	(241, 7, 'Proin vel arcu eu', 'lorem ac risus. Morbi metus. Vivamus euismod urna. Nullam lobortis', 1),
	(242, 5, 'adipiscing fringilla, porttitor vulputate, posuere vulputate, lacus.', 'ridiculus mus. Donec dignissim magna a tortor. Nunc commodo auctor', 1),
	(243, 5, 'et, eros. Proin ultrices. Duis volutpat nunc sit', 'Curabitur massa. Vestibulum accumsan neque et nunc. Quisque ornare', 1),
	(244, 8, 'rutrum non, hendrerit', 'cursus purus. Nullam scelerisque neque sed sem egestas blandit. Nam nulla magna, malesuada vel, convallis in, cursus et, eros.', 0),
	(245, 9, 'Nulla dignissim. Maecenas ornare egestas ligula.', 'scelerisque, lorem ipsum sodales purus, in molestie tortor nibh sit amet orci. Ut sagittis lobortis mauris. Suspendisse', 1),
	(246, 4, 'Donec dignissim magna', 'ipsum sodales purus, in molestie tortor nibh sit amet orci. Ut sagittis lobortis mauris.', 1),
	(247, 10, 'euismod in, dolor. Fusce feugiat. Lorem', 'Nunc quis arcu vel quam dignissim pharetra. Nam', 0),
	(248, 12, 'interdum libero dui', 'sed dui. Fusce aliquam, enim nec tempus scelerisque, lorem', 0),
	(249, 11, 'Ut nec urna et arcu', 'amet, dapibus id, blandit at, nisi. Cum sociis natoque penatibus et magnis dis parturient montes, nascetur ridiculus mus. Proin vel nisl.', 1),
	(250, 13, 'Curabitur consequat, lectus sit amet luctus', 'orci. Ut semper pretium neque. Morbi quis urna. Nunc quis arcu vel quam dignissim pharetra. Nam ac', 0),
	(251, 2, 'pede. Cras vulputate velit eu sem.', 'velit eget laoreet posuere, enim nisl elementum', 1),
	(252, 14, 'massa. Suspendisse eleifend. Cras', 'eget metus. In nec orci. Donec nibh. Quisque nonummy', 1),
	(253, 6, 'in aliquet lobortis, nisi nibh lacinia orci,', 'nec tempus scelerisque, lorem ipsum sodales purus, in molestie tortor nibh sit amet orci. Ut sagittis lobortis mauris. Suspendisse aliquet molestie tellus. Aenean egestas', 1),
	(254, 13, 'natoque penatibus et magnis dis parturient', 'nulla. Integer vulputate, risus a ultricies adipiscing, enim mi tempor lorem,', 0),
	(255, 14, 'turpis. Aliquam adipiscing', 'orci tincidunt adipiscing. Mauris molestie pharetra nibh. Aliquam ornare, libero at auctor ullamcorper, nisl arcu iaculis enim, sit amet ornare lectus justo', 1),
	(256, 4, 'luctus et ultrices posuere cubilia Curae;', 'mauris sagittis placerat. Cras dictum ultricies ligula. Nullam enim. Sed nulla ante, iaculis nec,', 0),
	(257, 4, 'nunc. In at pede.', 'Vivamus sit amet risus. Donec egestas. Aliquam nec enim. Nunc ut erat. Sed nunc est, mollis non, cursus', 1),
	(258, 15, 'et, rutrum non, hendrerit id,', 'Duis elementum, dui quis accumsan convallis, ante lectus convallis est, vitae sodales nisi magna sed dui. Fusce aliquam, enim nec tempus', 1),
	(259, 6, 'Aliquam erat volutpat. Nulla dignissim. Maecenas ornare egestas', 'nonummy. Fusce fermentum fermentum arcu. Vestibulum ante ipsum primis in faucibus orci luctus et ultrices posuere cubilia Curae; Phasellus ornare. Fusce', 1),
	(260, 14, 'ipsum porta elit, a', 'euismod urna. Nullam lobortis quam a felis ullamcorper viverra. Maecenas iaculis aliquet diam. Sed diam lorem, auctor', 1),
	(261, 9, 'sodales purus, in molestie tortor nibh', 'Phasellus vitae mauris sit amet lorem semper auctor.', 0),
	(262, 14, 'in, tempus eu, ligula. Aenean euismod', 'massa. Quisque porttitor eros nec tellus. Nunc lectus', 1),
	(263, 16, 'est. Nunc laoreet lectus quis massa. Mauris vestibulum,', 'euismod est arcu ac orci. Ut semper pretium neque. Morbi quis urna. Nunc quis arcu vel', 1),
	(264, 10, 'arcu vel quam dignissim pharetra. Nam ac nulla.', 'eget, volutpat ornare, facilisis eget, ipsum. Donec sollicitudin adipiscing ligula. Aenean gravida nunc sed pede. Cum sociis natoque penatibus et magnis dis parturient montes,', 1),
	(265, 6, 'non nisi. Aenean eget metus. In nec', 'mauris ipsum porta elit, a feugiat tellus lorem eu metus. In lorem. Donec elementum, lorem', 1),
	(266, 5, 'sagittis felis. Donec tempor, est ac mattis', 'enim commodo hendrerit. Donec porttitor tellus non magna. Nam ligula elit, pretium et, rutrum', 0),
	(267, 3, 'orci sem eget massa. Suspendisse', 'parturient montes, nascetur ridiculus mus. Aenean eget magna. Suspendisse', 0),
	(268, 12, 'Fusce mollis. Duis', 'pede blandit congue. In scelerisque scelerisque dui. Suspendisse ac metus vitae velit egestas lacinia. Sed', 0),
	(269, 16, 'lectus justo eu arcu.', 'lorem ac risus. Morbi metus. Vivamus euismod urna. Nullam lobortis quam a felis ullamcorper viverra. Maecenas iaculis aliquet diam. Sed diam lorem,', 0),
	(270, 13, 'auctor non, feugiat nec, diam.', 'orci lacus vestibulum lorem, sit amet ultricies sem magna nec quam. Curabitur vel lectus. Cum sociis natoque penatibus et magnis', 0),
	(271, 12, 'Maecenas mi felis,', 'Etiam imperdiet dictum magna. Ut tincidunt orci', 0),
	(272, 6, 'ligula. Nullam enim. Sed nulla ante,', 'varius et, euismod et, commodo at, libero. Morbi accumsan laoreet ipsum. Curabitur consequat, lectus sit amet luctus vulputate, nisi', 1),
	(273, 15, 'Cras interdum. Nunc sollicitudin commodo ipsum. Suspendisse non', 'posuere, enim nisl elementum purus, accumsan interdum libero', 1),
	(274, 4, 'nibh. Donec est mauris, rhoncus', 'auctor non, feugiat nec, diam. Duis mi enim, condimentum eget, volutpat ornare, facilisis eget, ipsum. Donec sollicitudin adipiscing ligula. Aenean', 1),
	(275, 9, 'at, iaculis quis, pede. Praesent eu dui.', 'Aliquam vulputate ullamcorper magna. Sed eu eros. Nam consequat dolor vitae dolor. Donec fringilla. Donec feugiat', 0),
	(276, 13, 'elit fermentum risus,', 'dignissim lacus. Aliquam rutrum lorem ac risus. Morbi metus. Vivamus euismod', 0),
	(277, 6, 'a feugiat tellus lorem', 'Mauris non dui nec urna suscipit nonummy. Fusce fermentum fermentum arcu. Vestibulum ante', 1),
	(278, 5, 'egestas. Sed pharetra, felis eget', 'In lorem. Donec elementum, lorem ut aliquam iaculis, lacus pede sagittis augue, eu tempor erat neque non quam. Pellentesque habitant morbi', 1),
	(279, 8, 'eu odio tristique pharetra. Quisque ac', 'nunc nulla vulputate dui, nec tempus mauris erat eget ipsum. Suspendisse sagittis. Nullam vitae diam. Proin dolor. Nulla', 0),
	(280, 8, 'Quisque fringilla euismod', 'Ut tincidunt vehicula risus. Nulla eget metus eu erat semper rutrum. Fusce dolor quam, elementum at, egestas a, scelerisque sed, sapien. Nunc pulvinar arcu', 0),
	(281, 14, 'et ultrices posuere cubilia Curae; Donec', 'lectus ante dictum mi, ac mattis velit justo nec ante. Maecenas mi felis, adipiscing fringilla, porttitor vulputate, posuere vulputate, lacus. Cras', 1),
	(282, 6, 'consectetuer adipiscing elit. Curabitur sed tortor.', 'Curabitur ut odio vel est tempor bibendum. Donec felis orci, adipiscing non, luctus sit', 0),
	(283, 1, 'Suspendisse tristique neque venenatis lacus. Etiam bibendum fermentum', 'faucibus. Morbi vehicula. Pellentesque tincidunt tempus risus. Donec egestas. Duis ac arcu. Nunc mauris. Morbi non sapien molestie orci tincidunt adipiscing. Mauris molestie pharetra nibh.', 0),
	(284, 7, 'Sed neque. Sed eget lacus. Mauris', 'lorem tristique aliquet. Phasellus fermentum convallis ligula. Donec luctus aliquet odio. Etiam ligula tortor,', 0),
	(285, 3, 'iaculis, lacus pede sagittis augue,', 'Donec porttitor tellus non magna. Nam ligula elit, pretium et, rutrum non, hendrerit id, ante. Nunc mauris sapien, cursus in, hendrerit consectetuer, cursus et,', 0),
	(286, 15, 'elit, pellentesque a, facilisis non,', 'dui augue eu tellus. Phasellus elit pede, malesuada vel, venenatis vel, faucibus id, libero. Donec consectetuer mauris id sapien. Cras dolor', 1),
	(287, 3, 'cursus vestibulum. Mauris magna. Duis', 'ultrices a, auctor non, feugiat nec, diam. Duis mi enim, condimentum eget, volutpat ornare, facilisis eget, ipsum. Donec sollicitudin adipiscing ligula. Aenean gravida nunc sed', 1),
	(288, 7, 'libero. Integer in magna. Phasellus', 'nibh lacinia orci, consectetuer euismod est arcu ac', 1),
	(289, 5, 'elementum, lorem ut', 'vehicula. Pellentesque tincidunt tempus risus. Donec egestas. Duis ac arcu. Nunc mauris. Morbi non sapien molestie orci tincidunt adipiscing. Mauris', 1),
	(290, 5, 'aliquet vel, vulputate eu, odio.', 'sagittis. Duis gravida. Praesent eu nulla at sem molestie sodales. Mauris blandit enim consequat', 1),
	(291, 3, 'amet ornare lectus justo eu arcu.', 'non, lacinia at, iaculis quis, pede. Praesent eu dui. Cum sociis natoque penatibus et magnis dis parturient montes, nascetur ridiculus mus. Aenean eget', 0),
	(292, 6, 'et arcu imperdiet ullamcorper. Duis at lacus. Quisque', 'vitae nibh. Donec est mauris, rhoncus id, mollis nec, cursus a, enim. Suspendisse aliquet, sem ut', 1),
	(293, 12, 'accumsan laoreet ipsum. Curabitur consequat, lectus sit amet', 'enim, sit amet ornare lectus justo eu arcu. Morbi sit amet massa. Quisque porttitor eros nec tellus. Nunc lectus pede, ultrices a,', 1),
	(294, 8, 'dictum mi, ac mattis velit justo nec ante.', 'enim, gravida sit amet, dapibus id, blandit at, nisi. Cum sociis natoque penatibus et magnis dis parturient montes, nascetur ridiculus mus. Proin vel nisl. Quisque', 0),
	(295, 2, 'vitae, posuere at,', 'arcu. Sed et libero. Proin mi. Aliquam', 1),
	(296, 13, 'orci sem eget massa. Suspendisse eleifend. Cras', 'gravida. Praesent eu nulla at sem molestie sodales. Mauris blandit enim consequat purus. Maecenas libero est, congue a, aliquet', 0),
	(297, 3, 'Sed pharetra, felis', 'odio sagittis semper. Nam tempor diam dictum sapien. Aenean massa. Integer vitae nibh. Donec est mauris,', 0),
	(298, 15, 'tempor bibendum. Donec felis', 'nec ante. Maecenas mi felis, adipiscing fringilla, porttitor', 0),
	(299, 14, 'Quisque tincidunt pede ac urna.', 'metus sit amet ante. Vivamus non lorem vitae odio sagittis semper. Nam tempor diam dictum sapien. Aenean massa. Integer vitae nibh. Donec est mauris,', 0),
	(300, 9, 'ultricies sem magna nec quam.', 'leo. Cras vehicula aliquet libero. Integer in magna. Phasellus dolor elit, pellentesque a, facilisis non, bibendum sed, est. Nunc', 1);

